condition,failure_modes,image_id,input_path,metric_ab_mse,metric_chroma_p99,metric_ciede2000,metric_colorfulness,metric_colorfulness_gap,metric_edge_bleeding,metric_global_cast,metric_halo_energy,metric_implausible_hue_frac,metric_mean_chroma,metric_psnr,metric_region_inconsistency,metric_ssim,metric_stability_ab_shift,n_findings,output_path,variant,worst_severity
baseline,global_color_cast|low_fidelity,landscape,outputs/sample_run/images/landscape__identity__input.png,1509.1041259765625,29.82019805908203,34.86900329589844,30.19530487060547,53.08622741699219,1.342031478881836,0.866174578666687,1.5911566019058228,0.0,27.416990280151367,12.2324095204112,1.2117465734481812,0.5941407101931006,,2,outputs/sample_run/images/landscape__identity.png,identity,severe
complex_lighting,instability|low_fidelity,landscape,outputs/sample_run/images/landscape__gamma_low__input.png,1855.41748046875,29.82019805908203,45.43983459472656,64.68110656738281,18.600425720214844,1.3679091930389404,0.19517384469509125,1.734843373298645,0.0,22.845054626464844,8.786585673806007,4.004885196685791,0.4070326357832695,16.377452850341797,2,outputs/sample_run/images/landscape__gamma_low.png,gamma_low,severe
complex_lighting,color_bleeding|low_fidelity,landscape,outputs/sample_run/images/landscape__gamma_high__input.png,1068.439208984375,29.144222259521484,30.982521057128906,41.384552001953125,41.89698028564453,2.9748213291168213,0.6140736937522888,1.5704084634780884,0.0,16.889663696289062,10.97364219478137,13.096308708190918,0.5501924951330889,7.275887489318848,2,outputs/sample_run/images/landscape__gamma_high.png,gamma_high,severe
complex_lighting,instability|low_fidelity,landscape,outputs/sample_run/images/landscape__underexpose__input.png,1854.978271484375,29.811573028564453,46.38868713378906,66.20217895507812,17.07935333251953,1.4387811422348022,0.21247713267803192,3.453672170639038,0.0,23.668067932128906,8.52453094882226,37.06187057495117,0.4052032423042872,16.926210403442383,2,outputs/sample_run/images/landscape__underexpose.png,underexpose,severe
complex_lighting,low_fidelity,landscape,outputs/sample_run/images/landscape__overexpose__input.png,1010.8245239257812,21.916284561157227,31.10845184326172,26.716323852539062,56.565208435058594,1.4413455724716187,0.6574580669403076,2.624535083770752,0.0,12.047825813293457,9.849200881053976,5.604970455169678,0.5524717564094449,10.674854278564453,1,outputs/sample_run/images/landscape__overexpose.png,overexpose,severe
complex_lighting,instability|low_fidelity,landscape,outputs/sample_run/images/landscape__backlight__input.png,1626.0555419921875,29.884113311767578,41.19775390625,65.31511688232422,17.966415405273438,1.3954415321350098,0.3793209195137024,1.7292405366897583,0.0,23.49612045288086,9.67214382213639,21.48685073852539,0.4792640486085336,12.301164627075195,2,outputs/sample_run/images/landscape__backlight.png,backlight,severe
complex_lighting,low_fidelity,landscape,outputs/sample_run/images/landscape__harsh_shadow__input.png,1106.711669921875,29.82019805908203,38.15676498413086,58.4876708984375,24.793861389160156,0.43132123351097107,0.38590189814567566,1.7286980152130127,0.0,20.60262107849121,10.033683380219642,5.784701824188232,0.48704266165288296,10.156278610229492,1,outputs/sample_run/images/landscape__harsh_shadow.png,harsh_shadow,severe
complex_lighting,global_color_cast|low_fidelity,landscape,outputs/sample_run/images/landscape__clip_highlights__input.png,1509.250732421875,29.82019805908203,34.83925247192383,31.803813934326172,51.477718353271484,1.574903130531311,0.853091299533844,1.7183494567871094,0.0,27.36829376220703,12.20240780938154,1.1015876531600952,0.5887986897129257,0.07747602462768555,2,outputs/sample_run/images/landscape__clip_highlights.png,clip_highlights,severe
fine_texture,color_bleeding|global_color_cast|low_fidelity,landscape,outputs/sample_run/images/landscape__blur__input.png,1586.9876708984375,29.811573028564453,35.50164031982422,32.984657287597656,50.296875,10.367204666137695,0.8665582537651062,0.40984880924224854,0.0,28.79387092590332,11.946636821865892,1.6204367876052856,0.4028133690859648,1.11179780960083,3,outputs/sample_run/images/landscape__blur.png,blur,severe
fine_texture,color_bleeding|global_color_cast|low_fidelity,landscape,outputs/sample_run/images/landscape__down_up_4x__input.png,1588.5927734375,29.811573028564453,35.527252197265625,32.88753128051758,50.39400100708008,4.160734176635742,0.8679454326629639,0.4319682717323303,0.0,28.79761505126953,11.948113276457825,1.3445096015930176,0.40637778747549186,1.1073683500289917,3,outputs/sample_run/images/landscape__down_up_4x.png,down_up_4x,severe
fine_texture,global_color_cast|low_fidelity,landscape,outputs/sample_run/images/landscape__noise__input.png,1413.4796142578125,29.82019805908203,34.34272766113281,28.94113540649414,54.340396881103516,1.3105882406234741,0.839588463306427,1.7678776979446411,0.0,25.359092712402344,12.409918183890948,3.2414584159851074,0.3268500767734039,1.4976173639297485,2,outputs/sample_run/images/landscape__noise.png,noise,severe
fine_texture,color_bleeding|global_color_cast|low_fidelity,landscape,outputs/sample_run/images/landscape__jpeg_q15__input.png,1592.7298583984375,29.59237289428711,35.66104507446289,32.624610900878906,50.65692138671875,3589484.25,0.8708264827728271,0.8820524215698242,0.0,28.652000427246094,11.995363930155845,0.7143407464027405,0.4047969783563378,1.0964674949645996,3,outputs/sample_run/images/landscape__jpeg_q15.png,jpeg_q15,severe
out_of_domain,,landscape,outputs/sample_run/images/landscape__negative__input.png,,29.81596565246582,,42.911468505859375,,1.1425561904907227,0.6666044592857361,2.156661033630371,0.0,21.863554000854492,,7.015429973602295,,,0,outputs/sample_run/images/landscape__negative.png,negative,none
out_of_domain,color_bleeding,landscape,outputs/sample_run/images/landscape__posterize__input.png,,29.388296127319336,,66.43162536621094,,17149620.0,0.170326367020607,2.136537790298462,0.0,23.22193717956543,,2.208540439605713,,,1,outputs/sample_run/images/landscape__posterize.png,posterize,severe
out_of_domain,desaturation|global_color_cast|halo,landscape,outputs/sample_run/images/landscape__sketch__input.png,,6.52090311050415,,8.23353385925293,,1.1706764698028564,0.7951276898384094,7.259697914123535,0.0,5.520176410675049,,1.871407151222229,,,3,outputs/sample_run/images/landscape__sketch.png,sketch,severe
out_of_domain,global_color_cast,landscape,outputs/sample_run/images/landscape__clahe_extreme__input.png,,22.56835174560547,,20.32147979736328,,1.1719636917114258,0.7076448798179626,2.801259756088257,0.0,10.854681968688965,,23.030487060546875,,,1,outputs/sample_run/images/landscape__clahe_extreme.png,clahe_extreme,minor
baseline,color_bleeding|low_fidelity,market,outputs/sample_run/images/market__identity__input.png,869.5916137695312,29.82610321044922,19.97686195373535,52.63815689086914,25.398052215576172,7.7504563331604,0.26874253153800964,4.373610019683838,0.0,19.20317268371582,15.464996351650111,34.943363189697266,0.5096983966793303,,2,outputs/sample_run/images/market__identity.png,identity,severe
complex_lighting,color_bleeding|low_fidelity,market,outputs/sample_run/images/market__gamma_low__input.png,878.7520751953125,29.811391830444336,25.865211486816406,48.6972541809082,29.33895492553711,14.851411819458008,0.3046322464942932,3.811595916748047,0.0,18.085391998291016,11.317975610785185,28.409780502319336,0.4014147940400303,9.104494094848633,2,outputs/sample_run/images/market__gamma_low.png,gamma_low,severe
complex_lighting,color_bleeding|halo|low_fidelity,market,outputs/sample_run/images/market__gamma_high__input.png,933.152587890625,29.76291847229004,22.811790466308594,46.74232482910156,31.29388427734375,5.836203575134277,0.13193200528621674,14.781660079956055,0.0,14.061656951904297,13.119373446182394,69.08149719238281,0.44302566500926194,8.594963073730469,3,outputs/sample_run/images/market__gamma_high.png,gamma_high,severe
complex_lighting,color_bleeding|low_fidelity,market,outputs/sample_run/images/market__underexpose__input.png,873.0719604492188,29.76863670349121,26.373735427856445,47.75749206542969,30.278717041015625,17.141674041748047,0.3011375367641449,4.2503461837768555,0.0,18.102527618408203,11.139281043506127,26.58603858947754,0.39229750940651104,9.033869743347168,2,outputs/sample_run/images/market__underexpose.png,underexpose,severe
complex_lighting,low_fidelity,market,outputs/sample_run/images/market__overexpose__input.png,927.8274536132812,29.726381301879883,27.178558349609375,44.24665451049805,33.789554595947266,2.0325939655303955,0.10736989974975586,2.835155725479126,0.0,13.285781860351562,10.53961641253391,30.458580017089844,0.3717552650159493,9.453277587890625,1,outputs/sample_run/images/market__overexpose.png,overexpose,severe
complex_lighting,color_bleeding|low_fidelity,market,outputs/sample_run/images/market__backlight__input.png,881.0985107421875,29.82019805908203,24.199954986572266,51.14028549194336,26.895923614501953,5.696078300476074,0.220310240983963,4.779045581817627,0.0,18.89263153076172,12.531385400574745,25.746917724609375,0.42817836509324786,6.535862922668457,2,outputs/sample_run/images/market__backlight.png,backlight,severe
complex_lighting,color_bleeding|low_fidelity,market,outputs/sample_run/images/market__harsh_shadow__input.png,901.4840698242188,29.811573028564453,22.68375587463379,50.51408386230469,27.522125244140625,8.093809127807617,0.2238016128540039,4.520888328552246,0.0,18.06190299987793,12.726765423296955,31.264219284057617,0.44637926644083903,5.083391189575195,2,outputs/sample_run/images/market__harsh_shadow.png,harsh_shadow,severe
complex_lighting,color_bleeding|halo|low_fidelity,market,outputs/sample_run/images/market__clip_highlights__input.png,868.9358520507812,29.82610321044922,19.983240127563477,52.603851318359375,25.432357788085938,7.7936835289001465,0.2671283483505249,5.33577823638916,0.0,19.179058074951172,15.384056165561324,29.073854446411133,0.5037603026395557,0.03721107542514801,3,outputs/sample_run/images/market__clip_highlights.png,clip_highlights,severe
fine_texture,color_bleeding|low_fidelity,market,outputs/sample_run/images/market__blur__input.png,867.8604736328125,29.81596565246582,20.88269805908203,56.942626953125,21.093582153320312,25.30647850036621,0.25029700994491577,3.876871347427368,0.0,20.625362396240234,14.779160303235656,30.126808166503906,0.3371024727788434,1.9298604726791382,2,outputs/sample_run/images/market__blur.png,blur,severe
fine_texture,color_bleeding|low_fidelity,market,outputs/sample_run/images/market__down_up_4x__input.png,867.7151489257812,29.81596565246582,20.789220809936523,56.693336486816406,21.342872619628906,20.459266662597656,0.2530915141105652,4.018560409545898,0.0,20.544801712036133,14.834617732158028,31.20366859436035,0.34483637153309304,1.8196347951889038,2,outputs/sample_run/images/market__down_up_4x.png,down_up_4x,severe
fine_texture,color_bleeding|low_fidelity,market,outputs/sample_run/images/market__noise__input.png,857.7799682617188,29.82019805908203,20.215532302856445,50.999168395996094,27.03704071044922,4.482248306274414,0.2599530816078186,4.068208694458008,0.0,18.48281478881836,15.28486068299803,70.8923110961914,0.34695153717447264,1.306443214416504,2,outputs/sample_run/images/market__noise.png,noise,severe
fine_texture,color_bleeding|low_fidelity,market,outputs/sample_run/images/market__jpeg_q15__input.png,865.7149047851562,29.82019805908203,20.176395416259766,54.48105239868164,23.555156707763672,12.35643482208252,0.266848087310791,4.982846260070801,0.0,19.80160140991211,15.26875108337167,31.8867130279541,0.387194306901399,1.306379795074463,2,outputs/sample_run/images/market__jpeg_q15.png,jpeg_q15,severe
out_of_domain,color_bleeding|halo,market,outputs/sample_run/images/market__negative__input.png,,29.82610321044922,,40.102272033691406,,4.492338180541992,0.5108590722084045,5.741704940795898,0.0,14.219712257385254,,13.366371154785156,,,2,outputs/sample_run/images/market__negative.png,negative,severe
out_of_domain,color_bleeding|halo,market,outputs/sample_run/images/market__posterize__input.png,,29.388296127319336,,48.584659576416016,,50.82270050048828,0.22344741225242615,6.014617919921875,0.0,18.051719665527344,,28.88714599609375,,,2,outputs/sample_run/images/market__posterize.png,posterize,severe
out_of_domain,color_bleeding|desaturation|halo,market,outputs/sample_run/images/market__sketch__input.png,,13.974608421325684,,14.801063537597656,,3.4638941287994385,0.31754764914512634,8.43754768371582,0.0,4.847390174865723,,19.14461898803711,,,3,outputs/sample_run/images/market__sketch.png,sketch,severe
out_of_domain,color_bleeding,market,outputs/sample_run/images/market__clahe_extreme__input.png,,29.76863670349121,,45.171104431152344,,2.846709966659546,0.25023722648620605,3.018070936203003,0.0,14.184353828430176,,146.27076721191406,,,1,outputs/sample_run/images/market__clahe_extreme.png,clahe_extreme,minor
baseline,global_color_cast|low_fidelity,portrait,outputs/sample_run/images/portrait__identity__input.png,1419.19140625,29.82019805908203,28.690494537353516,25.30483627319336,86.6423454284668,1.272262454032898,0.9598721265792847,1.573682427406311,0.0,29.00868797302246,11.523435696075403,0.7357824444770813,0.55264148379106,,2,outputs/sample_run/images/portrait__identity.png,identity,severe
complex_lighting,instability|low_fidelity,portrait,outputs/sample_run/images/portrait__gamma_low__input.png,646.8549194335938,29.482873916625977,31.573503494262695,50.140037536621094,61.80714416503906,2.4026458263397217,0.4767600893974304,3.9499056339263916,0.0,18.581445693969727,9.163306311688128,27.229021072387695,0.31476656626177013,26.8525390625,2,outputs/sample_run/images/portrait__gamma_low.png,gamma_low,severe
complex_lighting,global_color_cast|low_fidelity,portrait,outputs/sample_run/images/portrait__gamma_high__input.png,1387.56494140625,29.81596565246582,34.777767181396484,38.64429473876953,73.30288696289062,1.5038481950759888,0.7901827692985535,1.5288543701171875,0.0,26.167335510253906,10.114490236158588,8.748836517333984,0.5180301920210312,2.6922242641448975,2,outputs/sample_run/images/portrait__gamma_high.png,gamma_high,severe
complex_lighting,halo|instability|low_fidelity,portrait,outputs/sample_run/images/portrait__underexpose__input.png,629.9210815429688,29.716821670532227,31.57361602783203,50.078121185302734,61.86906051635742,1.803770661354065,0.46898943185806274,5.705766677856445,0.0,18.534334182739258,9.130482179099635,29.333576202392578,0.3205396119210554,26.609073638916016,3,outputs/sample_run/images/portrait__underexpose.png,underexpose,severe
complex_lighting,global_color_cast|low_fidelity,portrait,outputs/sample_run/images/portrait__overexpose__input.png,1096.109130859375,29.81596565246582,33.83082580566406,33.981040954589844,77.96614074707031,1.1400357484817505,0.7512122988700867,1.6865692138671875,0.0,20.883047103881836,10.206220989840254,7.633437156677246,0.5334618024647653,6.303163528442383,2,outputs/sample_run/images/portrait__overexpose.png,overexpose,severe
complex_lighting,instability|low_fidelity,portrait,outputs/sample_run/images/portrait__backlight__input.png,1280.3563232421875,29.79640007019043,34.378135681152344,57.6157341003418,54.33144760131836,1.8427187204360962,0.15005625784397125,1.88923978805542,0.0,18.524423599243164,9.853193732772707,33.28276062011719,0.444911343837465,20.992481231689453,2,outputs/sample_run/images/portrait__backlight.png,backlight,severe
complex_lighting,color_bleeding|instability|low_fidelity,portrait,outputs/sample_run/images/portrait__harsh_shadow__input.png,809.4932250976562,29.811573028564453,26.516014099121094,69.07709503173828,42.870086669921875,4.328377723693848,0.2915405333042145,1.7690249681472778,0.0,24.492164611816406,11.097664725012113,12.944437026977539,0.44565118070897586,12.979092597961426,3,outputs/sample_run/images/portrait__harsh_shadow.png,harsh_shadow,severe
complex_lighting,global_color_cast|low_fidelity,portrait,outputs/sample_run/images/portrait__clip_highlights__input.png,1419.19140625,29.82019805908203,28.690494537353516,25.30483627319336,86.6423454284668,1.272262454032898,0.9598721265792847,1.573682427406311,0.0,29.00868797302246,11.523435696075403,0.7357824444770813,0.55264148379106,0.0,2,outputs/sample_run/images/portrait__clip_highlights.png,clip_highlights,severe
fine_texture,global_color_cast|low_fidelity,portrait,outputs/sample_run/images/portrait__blur__input.png,1414.3345947265625,29.811573028564453,28.879825592041016,23.90753936767578,88.03964233398438,1.03334379196167,0.9888320565223694,0.4485796391963959,0.0,29.58258819580078,11.49937952168236,0.047683920711278915,0.3694575045988316,0.5638852715492249,2,outputs/sample_run/images/portrait__blur.png,blur,severe
fine_texture,global_color_cast|low_fidelity,portrait,outputs/sample_run/images/portrait__down_up_4x__input.png,1414.33447265625,29.811573028564453,28.87990951538086,23.92276382446289,88.02441787719727,1.2428048849105835,0.9889519214630127,0.49710655212402344,0.0,29.587371826171875,11.497346698667139,0.051507338881492615,0.371222916576143,0.5617871880531311,2,outputs/sample_run/images/portrait__down_up_4x.png,down_up_4x,severe
fine_texture,global_color_cast|low_fidelity,portrait,outputs/sample_run/images/portrait__noise__input.png,1431.20458984375,29.82019805908203,28.964088439941406,31.217151641845703,80.73003005981445,1.201321005821228,0.8299400210380554,1.844627857208252,0.0,25.564861297607422,11.401887674981799,8.1851224899292,0.31074705350974086,2.3636181354522705,2,outputs/sample_run/images/portrait__noise.png,noise,severe
fine_texture,color_bleeding|global_color_cast|low_fidelity,portrait,outputs/sample_run/images/portrait__jpeg_q15__input.png,1406.416748046875,29.668806076049805,28.849416732788086,24.0683650970459,87.87881660461426,2029757.75,0.9776865839958191,1.0034093856811523,0.0,29.45816993713379,11.495214748113558,0.29551735520362854,0.36713195875477234,0.6248185038566589,3,outputs/sample_run/images/portrait__jpeg_q15.png,jpeg_q15,severe
out_of_domain,global_color_cast,portrait,outputs/sample_run/images/portrait__negative__input.png,,29.81596565246582,,25.637248992919922,,1.0935429334640503,0.9882362484931946,1.6115883588790894,0.0,29.528005599975586,,0.0892861932516098,,,1,outputs/sample_run/images/portrait__negative.png,negative,severe
out_of_domain,color_bleeding,portrait,outputs/sample_run/images/portrait__posterize__input.png,,29.388296127319336,,54.809837341308594,,18375112.0,0.4811117947101593,2.436836004257202,0.0,19.877065658569336,,2.4906959533691406,,,1,outputs/sample_run/images/portrait__posterize.png,posterize,severe
out_of_domain,desaturation|global_color_cast|halo,portrait,outputs/sample_run/images/portrait__sketch__input.png,,6.566866397857666,,8.531417846679688,,1.1437805891036987,0.7868536114692688,7.479404449462891,0.0,5.575299263000488,,2.099940061569214,,,3,outputs/sample_run/images/portrait__sketch.png,sketch,severe
out_of_domain,,portrait,outputs/sample_run/images/portrait__clahe_extreme__input.png,,21.743896484375,,22.797645568847656,,1.2105915546417236,0.6648269891738892,3.1276278495788574,0.0,11.095958709716797,,23.4854736328125,,,0,outputs/sample_run/images/portrait__clahe_extreme.png,clahe_extreme,none
semantic_boundary,color_bleeding,boundary_chart,outputs/sample_run/images/boundary_chart__input.png,,29.884321212768555,,58.259151458740234,,21.5056209564209,0.4386059641838074,4.164566993713379,0.0,20.343040466308594,,19.039052963256836,,,1,outputs/sample_run/images/boundary_chart__pred.png,synthetic_chart,severe
